name,tag_name
0,Generic layout
0,layout
0,name
0,light
0,App layouts
0,panel
1,panel
1,light
1,collapse
1,App layouts
1,layout
1,Generic layout
1,sidebar
2,Recommended E-commerce Marketplace - Web
2,Recommended E-commerce Marketplace - Mobile
2,Product info
2,review
2,rating
2,detail
2,information
2,Product info
2,marketplace
2,Landing page
2,webpages
2,landing page
2,web pages
2,website
2,review
2,rating
2,detail
2,information
2,Product info
2,Product info
4,Landing page
4,marketplace
4,Recommended Website - Web
4,Recommended E-commerce Marketplace - Web
4,Recommended Blank - Web
4,landing page
4,Product listing
4,item
4,product
4,shopping
4,listing
4,Product listing
4,website
5,Recommended E-commerce Marketplace - Mobile
5,Recommended Blank - Mobile
5,Product info
5,review
5,rating
5,detail
5,Product info
5,marketplace
5,Recommended E-commerce Marketplace - Web
5,Recommended Blank - Web
5,information
5,Product info
5,Landing page
5,Product info
5,detail
5,rating
5,information
5,website
5,webpages
5,web pages
5,landing page
5,review
7,website
7,applicant
7,listing
7,product
7,item
7,profile
7,webpages
7,Recommended Blank - Web
7,landing page
7,Landing page
7,Product listing
7,Recommended Website - Web
7,marketplace
7,candidate
7,web pages
7,Product listing
7,Product listing
7,company
7,website
7,Common templates
7,candidate
7,applicant
7,job
7,listing
7,company
7,Product listing
7,Common templates
7,candidate
7,applicant
7,job
7,listing
7,website
8,interview
8,profile
8,Product info
8,candidate
8,profile information
8,profile
8,Product info
8,Landing page
8,Recommended Blank - Web
8,freelancer
8,marketplace
8,detail
8,freelancing
8,applicant
8,candidate
8,Product info
8,Common templates
8,website
8,profile
8,interview
8,freelancer
8,freelancing
8,applicant
8,candidate
8,Product info
8,Common templates
8,applicant
9,Settings
9,billing
9,payment
9,Settings
9,user settings
9,profile settings
9,account settings
10,payment
10,Recommended E-commerce Marketplace - Mobile
10,Orders & checkout
10,successful payment
10,shopping
10,cart
10,Checkout
10,Checkout
10,Orders & checkout
10,successful payment
10,order review
10,shopping
10,cart
10,payment
10,Recommended E-commerce Marketplace - Web
15,profile settings
15,Settings
15,account settings
15,privacy settings
15,user settings
15,Settings
15,change password
15,change password
15,account settings
15,privacy settings
15,user settings
15,profile settings
15,Settings
15,Settings
17,Landing page
17,Pricing
17,billing
17,feature comparison
17,payment
17,subscription
17,upgrade plan
17,pricing plan
17,Pricing
17,plan comparison
17,Pricing
17,billing
17,feature comparison
17,payment
17,subscription
17,upgrade plan
17,pricing plan
17,plan comparison
17,Pricing
19,planning
19,calendar
19,schedule
19,Task management
19,Recommended Blank - Mobile
19,Recommended Project Management - Mobile
20,social media
20,Recommended Social Media - Mobile
20,profile
20,Product info
20,profile information
20,social
20,Product info
21,Recommended Project Management - Web
21,Task management
21,list
21,interview
21,sidebar menu
21,job
21,applicant
21,candidate
21,Kanban
21,dark sidebar
22,homepage
22,Product listing
22,Recommended Social Media - Mobile
22,social media
22,home page
22,social
22,listing
22,Product listing
22,newsfeed
23,Recommended Social Media - Mobile
23,Communication
23,call
23,video
23,meeting
23,contact
23,conversation
23,connect
23,convo
24,plan comparison
24,Pricing
24,feature comparison
24,payment
24,subscription
24,upgrade plan
24,pricing plan
24,Pricing
24,billing
24,Pricing
24,billing
24,payment
24,subscription
24,upgrade plan
24,pricing plan
24,plan comparison
24,Pricing
24,Landing page
26,Kanban
26,candidate
26,job
26,Recommended Blank - Mobile
26,list
26,Task management
26,Recommended Project Management - Web
26,Recommended Project Management - Mobile
26,interview
26,Recommended Blank - Web
26,applicant
26,ticket
26,assignment
26,listing
26,card
26,board
26,task
26,checklist
26,productivity
26,Kanban
26,Task management
27,Recommended Blank - Mobile
27,Communication
27,phone book
27,contact
27,communication
27,chat
27,conversation
28,Product listing
28,listing
28,shopping
28,product
28,item
28,Product listing
28,Recommended Blank - Mobile
28,Recommended E-commerce Marketplace - Mobile
29,Other templates
29,comment
29,rating
29,review
29,feedback
30,Settings
30,profile settings
30,user settings
30,account settings
30,Settings
31,Settings
31,account settings
31,user settings
31,Settings
31,Settings
31,account settings
31,user settings
31,profile settings
31,profile settings
31,user settings
31,profile settings
31,Settings
31,Common templates
31,user settings
31,profile settings
31,Settings
31,Common templates
31,Settings
33,Recommended E-commerce Marketplace - Mobile
33,shopping
33,Orders & checkout
33,payment
33,Checkout
33,cart
34,communication
34,Recommended Social Media - Mobile
34,Recommended Blank - Mobile
34,Communication
34,texting
34,direct message
34,support
34,contact
34,conversation
34,message
34,connect
34,chat
34,message
34,Recommended Social Media - Web
34,Recommended Blank - Web
34,Communication
34,support
34,contact
34,conversation
34,Inbox - chat
34,connect
34,communication
34,chat
34,Inbox - chat
36,communication
36,connect
36,message
36,conversation
36,contact
36,Recommended Social Media - Web
36,direct message
36,Communication
36,Recommended Blank - Web
36,chat
36,support
36,Inbox - chat
36,direct message
36,Communication
36,texting
36,support
36,contact
36,conversation
36,message
36,connect
36,communication
36,chat
36,Inbox - chat
36,Recommended Social Media - Mobile
38,streaming
38,Recommended Social Media - Web
38,Recommended Blank - Web
38,Product info
38,media
38,watch
38,video
38,social
38,Product info
38,Product listing
38,social media
39,Recommended Social Media - Mobile
39,Product info
39,detail
39,social
39,social media
39,Product info
40,Product listing
40,social media
40,profile
40,Recommended Social Media - Mobile
40,listing
40,Product listing
40,social
41,Recommended Social Media - Web
41,streaming
41,Product info
41,media
41,Product listing
41,watch
41,video
41,Product info
41,social media
42,profile
42,Product listing
42,candidate
42,applicant
42,job
42,listing
42,company
42,Product listing
44,App layouts
44,panel
44,dark
44,layout
44,sidebar
44,collapse
44,Generic layout
45,Settings
45,notification
45,account settings
45,user settings
45,profile settings
45,Settings
45,Settings
45,notification
45,user settings
45,profile settings
45,Settings
46,panel
46,App layouts
46,dark
46,layout
46,Generic layout
46,sidebar
47,filter
47,condition
47,Other templates
48,web pages
48,Recommended Website - Web
48,marketplace
48,Recommended Blank - Web
48,Product listing
48,Landing page
48,landing page
48,webpages
48,Recommended E-commerce Marketplace - Web
48,website
48,listing
48,Product listing
48,Product listing
48,home page
48,homepage
48,Product listing
48,homepage
50,Recommended Website - Web
50,Landing page
50,landing page
50,web pages
50,homepage
50,home page
50,website
50,webpages
51,Recommended Blank - Mobile
51,Product info
51,profile
51,freelancing
51,freelancer
51,applicant
51,candidate
51,Product info
51,profile information
52,Communication
52,directory
52,phone book
52,Recommended Blank - Mobile
52,conversation
52,communication
52,chat
52,contact
53,website
53,homepage
53,home page
53,webpages
53,web pages
53,landing page
53,Landing page
53,Recommended Website - Web
54,directory
54,Communication
54,phone book
54,chat
54,conversation
54,communication
54,contact
55,Recommended Website - Web
55,Landing page
55,landing page
55,web pages
55,webpages
55,our team
55,About us
55,website
55,company
55,employees
56,web pages
56,Recommended Website - Web
56,landing page
56,webpages
56,Landing page
56,services
56,solutions
56,website
56,listing
56,products
57,Recommended Website - Web
57,landing page
57,web pages
57,webpages
57,Landing page
57,articles
57,website
57,news
57,updates
59,Checkout
59,payment
59,cart
59,shopping
59,Orders & checkout
59,Recommended E-commerce Marketplace - Mobile
60,let us know
60,Recommended Website - Web
60,Landing page
60,get in touch
60,speak to us
60,landing page
60,connect with us
60,call us
60,web pages
60,webpages
60,website
62,Recommended Website - Web
62,Landing page
62,web pages
62,webpages
62,landing page
62,common questions
62,frequently asked questions
62,website
62,common answers
63,communication
63,notification
63,news
63,newsfeed
63,Other templates
64,billing
64,Settings
64,credit card
64,payment
64,Settings
64,user settings
64,profile settings
64,account settings
67,productivity
67,Recommended Blank - Mobile
67,Task management
67,ticket
67,Recommended Project Management - Mobile
67,assignment
67,listing
67,card
67,board
67,task
67,planning
67,checklist
67,Kanban
67,planning
67,Recommended Blank - Web
67,Task management
67,ticket
67,assignment
67,listing
67,card
67,board
67,task
67,checklist
67,productivity
67,Kanban
67,Recommended Project Management - Web
69,Other templates
69,comment
69,rating
69,review
69,feedback
70,register
70,registration
70,Login - Signup
70,signup
70,signin
70,login
70,create account
70,sign in
70,create user
70,Login - Signup
70,Login - Signup
70,registration
70,create user
70,account
70,signup
70,create account
70,register
70,Login - Sign up
71,Login - Signup
71,Login - Signup
71,registration
71,signin
71,login
71,Login - Signup
71,log in
71,signin
71,login
71,register
71,sign in
71,Login - Sign up
71,registration
72,App layouts
72,collapse
72,navigation
72,light
72,layout
72,Generic layout
72,sidebar
73,chat
73,communication
73,conversation
73,contact
73,phone book
73,directory
73,Communication
74,dark
74,App layouts
74,collapse
74,sidebar
74,search
74,layout
74,Generic layout
75,Generic layout
75,layout
75,sidebar
75,search
75,light
75,App layouts
76,App layouts
76,dark
76,collapse
76,navigation
76,sidebar
76,layout
76,Generic layout
77,Generic layout
77,layout
77,sidebar
77,navigation
77,collapse
77,dark
77,App layouts
78,App layouts
78,light
78,menu
78,layout
78,stacked
78,Generic layout
78,navigation
79,search
79,explore
79,Other templates
80,App layouts
80,menu
80,navigation
80,light
80,layout
80,Generic layout
80,stacked
81,Generic layout
81,layout
81,stacked
81,navigation
81,menu
81,dark
81,App layouts
82,light
82,App layouts
82,collapse
82,search
82,sidebar
82,layout
82,Generic layout
83,Generic layout
83,layout
83,stacked
83,navigation
83,menu
83,dark
83,App layouts
84,App layouts
84,dark
84,search
84,sidebar
84,layout
84,Generic layout
85,Generic layout
85,layout
85,sidebar
85,navigation
85,collapse
85,light
85,App layouts
86,Other templates
86,results
86,search
86,listing
86,explore
87,register
87,Login - Signup
87,Login - Signup
87,registration
87,create user
87,signup
87,create account
87,Login - Signup
87,Login - Signup
87,registration
87,create user
87,account
87,signup
87,login
87,create account
87,register
89,create user
89,registration
89,signup
89,Login - Signup
89,Login - Signup
89,create account
89,register
89,Login - Signup
89,registration
89,create user
89,signup
89,create account
89,register
89,Login - Signup
91,Login - Signup
91,Login - Signup
91,registration
91,signin
91,login
91,register
91,sign in
91,Login - Signup
91,registration
91,signin
91,login
91,register
91,sign in
91,Login - Signup
93,Product listing
93,Recommended E-commerce Marketplace - Mobile
93,Recommended Blank - Mobile
93,carousel
93,Product listing
93,product
93,shopping
93,listing
93,item
94,Product listing
94,shopping
94,product
94,item
94,list
94,Product listing
94,Recommended Blank - Mobile
94,Recommended E-commerce Marketplace - Mobile
95,signin
95,registration
95,Login - Signup
95,login
95,log in
95,sign in
95,Login - Signup
95,Login - Signup
95,sign in
95,register
95,Login - Signup
95,signin
95,registration
95,login
98,Recommended E-commerce Marketplace - Web
98,Orders & checkout
98,order summary
98,order review
98,shopping
98,payment
98,cart
98,Orders & checkout
98,order summary
98,order review
98,shopping
98,cart
98,Checkout
98,Recommended E-commerce Marketplace - Mobile
98,Checkout
99,Checkout
99,Recommended E-commerce Marketplace - Mobile
99,Orders & checkout
99,order summary
99,order review
99,shopping
99,cart
99,Recommended E-commerce Marketplace - Web
99,order summary
99,order review
99,shopping
99,cart
99,Checkout
99,Orders & checkout
102,rating
102,review
102,feedback
102,comment
102,Other templates
103,Recommended Social Media - Mobile
103,Communication
103,texting
103,direct message
103,support
103,connect
103,conversation
103,message
103,communication
103,chat
103,contact
104,newsfeed
104,communication
104,notification
104,news
104,Other templates
105,Common templates
105,new
106,new
106,Product listing
107,new
107,listing
108,new
108,shopping
109,product
109,new
110,new
110,item
111,new
111,website
112,new
112,Common templates
113,new
113,Kanban
114,productivity
114,new
115,new
115,checklist
116,planning
116,new
117,new
117,task
118,new
118,board
119,new
119,card
120,listing
120,new
121,new
121,assignment
122,ticket
122,new
123,new
123,Admin dashboard
124,admin
124,new
125,new
125,performance
126,tracking
126,new
127,data
127,new
128,new
128,listing
129,table
129,new
130,statistics
130,new
131,analytics
131,new
132,report
132,new
133,new
133,dashboard
134,new
134,Admin dashboard
135,Recommended Blank - Web
135,new
136,new
136,Recommended Project Management - Web
137,Common templates
137,new
138,Pricing
138,new
139,new
139,plan comparison
140,new
140,pricing plan
141,upgrade plan
141,new
142,subscription
142,new
143,new
143,payment
144,feature comparison
144,new
145,new
145,billing
146,new
146,Common templates
147,new
147,Pricing
148,new
148,plan comparison
149,pricing plan
149,new
150,new
150,upgrade plan
151,subscription
151,new
152,payment
152,new
153,feature comparison
153,new
154,billing
154,new
155,Common templates
155,new
156,new
156,Kanban
157,new
157,productivity
158,new
158,checklist
159,new
159,planning
160,new
160,task
161,new
161,board
162,card
162,new
163,listing
163,new
164,assignment
164,new
165,new
165,ticket
166,Common templates
166,new
167,Product listing
167,new
168,new
168,listing
169,shopping
169,new
170,product
170,new
171,new
171,item
172,new
172,Common templates
173,Product info
173,new
174,information
174,new
175,detail
175,new
176,new
176,rating
177,new
177,review
178,new
178,website
179,Common templates
179,new
180,new
180,Checkout
181,payment
181,new
182,cart
182,new
183,new
183,shopping
184,order review
184,new
185,new
185,order summary
186,new
186,Common templates
187,sign in
187,new
188,new
188,register
189,new
189,login
190,new
190,signin
191,new
191,registration
192,new
192,log in
193,Login - Signup
193,new
194,Common templates
194,new
195,new
195,register
196,new
196,create account
197,signup
197,new
198,account
198,new
199,create user
199,new
200,new
200,registration
201,Login - Signup
201,new
202,Common templates
202,new
203,register
203,new
204,new
204,create account
205,new
205,signup
206,account
206,new
207,new
207,create user
208,new
208,registration
209,Login - Signup
209,new
210,Common templates
210,new
211,Checkout
211,new
212,new
212,checkout
213,payment
213,new
214,cart
214,new
215,new
215,shopping
216,order review
216,new
217,order summary
217,new
218,connect
218,new
219,new
219,conversation
220,new
220,convo
221,new
221,video
222,new
222,watch
223,new
223,streaming
224,new
224,Communication
225,live video
225,new
226,Common templates
226,new
227,new
227,Product info
228,information
228,new
229,detail
229,new
230,rating
230,new
231,review
231,new
232,Product listing
232,new
233,listing
233,new
234,product
234,new
235,new
235,item
236,new
236,ecommerce
237,website
237,new
238,webpages
238,new
239,web pages
239,new
240,new
240,landing page
241,Landing page
241,new
242,Product listing
242,new
243,Recommended E-commerce Marketplace - Web
243,new
244,marketplace
244,new
245,new
245,Pricing
246,new
246,plan comparison
247,new
247,pricing plan
248,upgrade plan
248,new
249,new
249,payment
250,feature comparison
250,new
251,billing
251,new
252,new
252,website
253,new
253,webpages
254,new
254,web pages
255,new
255,landing page
256,new
256,Pricing
257,new
257,Landing page
258,new
258,Recommended Website - Web
259,new
259,services
260,Other templates
260,new
261,new
261,T&Cs
262,new
262,terms
263,new
263,terms & conditions
264,new
264,agreement
265,new
265,Admin dashboard
266,new
266,admin
267,performance
267,new
268,new
268,tracking
269,new
269,productivity
270,data
270,new
271,new
271,listing
272,new
272,statistics
273,analytics
273,new
274,new
274,overview
275,report
275,new
276,new
276,review
277,Charts
277,new
278,new
278,Admin dashboard
279,Recommended Blank - Mobile
279,new
280,new
280,Recommended Project Management - Mobile
281,new
281,Product info
282,new
282,information
283,new
283,detail
284,new
284,rating
285,review
285,new
286,feedback
286,new
287,Product info
287,new
288,new
288,Recommended E-commerce Marketplace - Mobile
289,new
289,support
290,report
290,new
291,tips
291,new
292,help
292,new
293,new
293,get support
294,report issues
294,new
295,Settings
295,new
296,Admin dashboard
296,new
297,admin
297,new
298,new
298,performance
299,new
299,tracking
300,productivity
300,new
301,data
301,new
302,statistics
302,new
303,analytics
303,new
304,report
304,new
305,progress bar
305,new
306,new
306,dashboard
307,new
307,Admin dashboard
308,Recommended Blank - Web
308,new
309,Recommended Project Management - Web
309,new
310,Checkout
310,new
311,payment
311,new
312,cart
312,new
313,shopping
313,new
314,new
314,Orders & checkout
315,Recommended E-commerce Marketplace - Web
315,new
316,payment failed
316,new
317,new
317,tracking
318,productivity
318,new
319,new
319,planning
320,new
320,task
321,new
321,overview
322,timeline
322,new
323,new
323,calendar
324,new
324,Task management
325,Recommended Project Management - Web
325,new
326,Checkout
326,new
327,tracking
327,new
328,ecommerce
328,new
329,new
329,products
330,Orders & checkout
330,new
331,Recommended E-commerce Marketplace - Web
331,new
332,privacy settings
332,new
333,private
333,new
334,Other templates
334,new
335,new
335,agreement
336,Pricing
336,new
337,plan comparison
337,new
338,new
338,pricing plan
339,new
339,payment
340,new
340,feature comparison
341,website
341,new
342,webpages
342,new
343,new
343,web pages
344,landing page
344,new
345,new
345,Pricing
346,Landing page
346,new
347,new
347,loading
348,new
348,file
349,Other templates
349,new
350,new
350,empty state
351,new
351,upload
352,new
352,file upload
353,new
353,tracking
354,new
354,productivity
355,new
355,checklist
356,new
356,planning
357,task
357,new
358,new
358,board
359,listing
359,new
360,overview
360,new
361,new
361,project
362,new
362,timeline
363,calendar
363,new
364,new
364,Task management
365,Recommended Blank - Web
365,new
366,new
366,Recommended Project Management - Web
367,new
367,Product listing
368,listing
368,new
369,ecommerce
369,new
370,website
370,new
371,products
371,new
372,webpages
372,new
373,new
373,web pages
374,landing page
374,new
375,Landing page
375,new
376,new
376,Product listing
377,new
377,Recommended E-commerce Marketplace - Web
378,new
378,marketplace
379,new
379,listing
380,ecommerce
380,new
381,new
381,website
382,products
382,new
383,webpages
383,new
384,web pages
384,new
385,new
385,landing page
386,Landing page
386,new
387,new
387,Product listing
388,new
388,marketplace
389,new
389,profile settings
390,user settings
390,new
391,account settings
391,new
392,new
392,connect
393,account
393,new
394,Settings
394,new
395,new
395,connected apps
396,new
396,Login - Sign up
397,new
397,sign in
398,new
398,register
399,new
399,create account
400,new
400,login
401,signin
401,new
402,new
402,signup
403,create user
403,new
404,new
404,registration
405,log in
405,new
406,new
406,Login - Signup
407,tracking
407,new
408,new
408,order review
409,new
409,review
410,ecommerce
410,new
411,products
411,new
412,Orders & checkout
412,new
413,Recommended E-commerce Marketplace - Web
413,new
414,tracking
414,new
415,productivity
415,new
416,new
416,checklist
417,planning
417,new
418,task
418,new
419,new
419,listing
420,new
420,ticket
421,new
421,information
422,detail
422,new
423,project
423,new
424,Task management
424,new
425,new
425,Recommended Project Management - Web
426,new
426,Login - Sign up
427,sign in
427,new
428,register
428,new
429,login
429,new
430,signin
430,new
431,new
431,registration
432,new
432,Login - Signup
433,new
433,Admin dashboard
434,admin
434,new
435,new
435,performance
436,tracking
436,new
437,listing
437,new
438,table
438,new
439,new
439,statistics
440,analytics
440,new
441,overview
441,new
442,report
442,new
443,new
443,Admin dashboard
444,new
444,Recommended Blank - Web
445,Recommended Project Management - Web
445,new
446,Pricing
446,new
447,plan comparison
447,new
448,pricing plan
448,new
449,new
449,payment
450,feature comparison
450,new
451,website
451,new
452,webpages
452,new
453,new
453,web pages
454,new
454,Pricing
455,new
455,Landing page
456,new
456,search
457,new
457,Other templates
458,empty state
458,new
459,new
459,no result
460,Login - Sign up
460,new
461,sign in
461,new
462,register
462,new
463,new
463,create account
464,new
464,login
465,signin
465,new
466,signup
466,new
467,create user
467,new
468,registration
468,new
469,log in
469,new
470,Login - Signup
470,new
471,new
471,information
472,new
472,detail
473,review
473,new
474,website
474,new
475,products
475,new
476,webpages
476,new
477,web pages
477,new
478,landing page
478,new
479,new
479,Product info
480,new
480,Landing page
481,error
481,new
482,Other templates
482,new
483,new
483,empty
484,404
484,new
485,project
485,new
486,new
486,Other templates
487,new
487,empty state
488,new
488,create project
489,new
489,Inbox - chat
490,chat
490,new
491,connect
491,new
492,conversation
492,new
493,new
493,contact
494,new
494,social
495,inbox
495,new
496,new
496,convo
497,new
497,direct message
498,Communication
498,new
499,Recommended Social Media - Web
499,new
500,new
500,communication
501,connect
501,new
502,conversation
502,new
503,contact
503,new
504,new
504,convo
505,video
505,new
506,new
506,call
507,new
507,meeting
508,new
508,Communication
509,Recommended Blank - Web
509,new
510,new
510,group call
511,tracking
511,new
512,productivity
512,new
513,new
513,planning
514,new
514,task
515,overview
515,new
516,project
516,new
517,timeline
517,new
518,new
518,calendar
519,new
519,Task management
520,Recommended Blank - Web
520,new
521,Recommended Project Management - Web
521,new
522,register
522,new
523,create account
523,new
524,login
524,new
525,signin
525,new
526,signup
526,new
527,new
527,create user
528,new
528,registration
529,Login - Signup
529,new
530,new
530,Login - Signup
531,new
531,Pricing
532,new
532,plan comparison
533,new
533,pricing plan
534,payment
534,new
535,new
535,feature comparison
536,new
536,website
537,new
537,webpages
538,web pages
538,new
539,landing page
539,new
540,Pricing
540,new
541,new
541,Landing page
542,add item
542,new
543,add new
543,new
544,new
544,add member
545,project
545,new
546,Other templates
546,new
547,empty state
547,new
548,Inbox - chat
548,new
549,new
549,chat
550,new
550,connect
551,new
551,message
552,conversation
552,new
553,new
553,contact
554,new
554,inbox
555,new
555,email
556,new
556,convo
557,new
557,direct message
558,new
558,Communication
559,new
559,sign in
560,register
560,new
561,new
561,login
562,new
562,signin
563,registration
563,new
564,new
564,Login - Signup
565,Login - Signup
565,new
566,sign in
566,new
567,register
567,new
568,login
568,new
569,signin
569,new
570,registration
570,new
571,log in
571,new
572,new
572,Login - Signup
573,cart
573,new
574,shopping
574,new
575,new
575,order review
576,new
576,order summary
577,new
577,overview
578,review
578,new
579,Orders & checkout
579,new
580,new
580,Admin dashboard
581,admin
581,new
582,performance
582,new
583,tracking
583,new
584,new
584,listing
585,table
585,new
586,statistics
586,new
587,analytics
587,new
588,new
588,overview
589,report
589,new
590,Admin dashboard
590,new
591,Recommended Blank - Mobile
591,new
592,Recommended Project Management - Mobile
592,new
593,Pricing
593,new
594,new
594,plan comparison
595,pricing plan
595,new
596,upgrade plan
596,new
597,payment
597,new
598,feature comparison
598,new
599,new
599,Pricing
600,new
600,Pricing
601,plan comparison
601,new
602,pricing plan
602,new
603,new
603,upgrade plan
604,payment
604,new
605,feature comparison
605,new
606,Pricing
606,new
607,Admin dashboard
607,new
608,performance
608,new
609,new
609,tracking
610,productivity
610,new
611,data
611,new
612,new
612,statistics
613,new
613,analytics
614,new
614,overview
615,new
615,review
616,new
616,Charts
617,new
617,Admin dashboard
618,new
618,Pricing
619,new
619,plan comparison
620,new
620,pricing plan
621,new
621,upgrade plan
622,new
622,payment
623,new
623,feature comparison
624,new
624,Pricing
625,new
625,information
626,new
626,services
627,new
627,Other templates
628,terms
628,new
629,terms & conditions
629,new
630,new
630,agreement
631,new
631,privacy settings
632,information
632,new
633,new
633,private
634,new
634,Other templates
635,new
635,agreement
636,performance
636,new
637,new
637,tracking
638,new
638,productivity
639,new
639,planning
640,new
640,task
641,new
641,assignment
642,new
642,project
643,timeline
643,new
644,new
644,calendar
645,new
645,Charts
646,new
646,Task management
647,new
647,Recommended Blank - Mobile
648,Recommended Project Management - Mobile
648,new
649,Admin dashboard
649,new
650,admin
650,new
651,performance
651,new
652,tracking
652,new
653,listing
653,new
654,table
654,new
655,statistics
655,new
656,analytics
656,new
657,overview
657,new
658,report
658,new
659,Admin dashboard
659,new
660,Recommended Blank - Web
660,new
661,Recommended Project Management - Web
661,new
662,new
662,Admin dashboard
663,performance
663,new
664,new
664,tracking
665,productivity
665,new
666,data
666,new
667,listing
667,new
668,new
668,statistics
669,analytics
669,new
670,overview
670,new
671,Charts
671,new
672,Admin dashboard
672,new
673,Recommended Project Management - Mobile
673,new
674,Admin dashboard
674,new
675,new
675,performance
676,tracking
676,new
677,productivity
677,new
678,new
678,data
679,listing
679,new
680,payment
680,new
681,overview
681,new
682,new
682,review
683,new
683,Admin dashboard
684,new
684,Recommended Blank - Mobile
685,new
685,Recommended Project Management - Mobile
686,money
686,new
687,new
687,Admin dashboard
688,new
688,admin
689,performance
689,new
690,new
690,tracking
691,productivity
691,new
692,listing
692,new
693,statistics
693,new
694,new
694,analytics
695,new
695,overview
696,new
696,report
697,Charts
697,new
698,new
698,Admin dashboard
699,new
699,Recommended Blank - Web
700,new
700,Recommended Project Management - Web
701,Admin dashboard
701,new
702,admin
702,new
703,performance
703,new
704,tracking
704,new
705,new
705,listing
706,new
706,table
707,new
707,statistics
708,analytics
708,new
709,new
709,overview
710,report
710,new
711,Admin dashboard
711,new
712,Recommended Blank - Mobile
712,new
713,Recommended Project Management - Mobile
713,new
714,Admin dashboard
714,new
715,performance
715,new
716,new
716,tracking
717,new
717,productivity
718,data
718,new
719,new
719,statistics
720,new
720,analytics
721,overview
721,new
722,new
722,review
723,progress bar
723,new
724,Admin dashboard
724,new
725,new
725,Recommended Project Management - Mobile
726,new
726,Admin dashboard
727,new
727,performance
728,new
728,tracking
729,new
729,productivity
730,data
730,new
731,new
731,statistics
732,analytics
732,new
733,Admin dashboard
733,new
734,new
734,Recommended Blank - Mobile
735,Recommended Project Management - Mobile
735,new
